{
  "products": [
    {
      "id": "1",
      "name": "Fotoapparat",
      "info": "this product is fully available",
      "price": 19.99,
      "liked": false,
      "img": "https://encrypted-tbn0.gstatic.com/images?q=tbn:ANd9GcRlndpwDalSNF8TzBG6T7kGv73l0IOReNJpKw&s"
    },
    {
      "id": "2",
      "name": "Parfum",
      "info": "this product is out of stock",
      "price": 49.99,
      "liked": false,
      "img": "https://static.vecteezy.com/system/resources/previews/045/761/913/non_2x/cosmetic-products-on-white-photo.jpg"
    },
    {
      "id": "3",
      "name": "Washing ",
      "info": "this product is on sale",
      "liked": false,
      "price": 15.99,
      "img": "https://encrypted-tbn0.gstatic.com/images?q=tbn:ANd9GcQr8aeaQBlKc2eJ-Dt-70JxZRdLog6kJ1XwWw&s"
    },
    {
      "id": "0d17",
      "name": "rasm",
      "info": "info",
      "price": "5",
      "img": "https://www.pinterest.com/pin/351912464524252/"
    },
    {
      "id": "332b",
      "name": "rasm",
      "info": "info",
      "price": "8",
      "img": "https://i.pinimg.com/236x/fb/5f/1d/fb5f1d16872153f9991e2cd16c1be4f5.jpg"
    }
  ],
  "profile": {
    "item": {
      "item": {
        "item": {
          "name": "John Doe",
          "email": "john.doe@example.com",
          "address": "123 Main St, Anytown, USA",
          "phone": "123-456-7890"
        },
        "name": "John Doebek",
        "email": "john.doe@example.com",
        "address": "123 Main St, Anytown, USA",
        "phone": "123-456-7890"
      },
      "name": "John Doebek",
      "email": "john.doe@example.com",
      "address": "123 Main St, Anytown, USA",
      "phone": "123-456-78903434"
    },
    "name": "John Doebekdc",
    "email": "john.doe@example.com",
    "address": "123 Main St, Anytown, USA",
    "phone": "123-456-78903434"
  },
  "categories": [
    {
      "id": "2",
      "name": "Clothing"
    },
    {
      "id": "3",
      "name": "Books"
    },
    {
      "id": "7c11",
      "name": "technology"
    }
  ],
  "likeds": []
}